{
  "train_loss": [
    0.7055793961797442,
    0.26759859446116857,
    0.17703863551786966,
    0.11524124326024737,
    0.09507886462977955,
    0.09185782711846488,
    0.07327096067156111,
    0.07506255750145231,
    0.0756233024767467,
    0.06406700211337635,
    0.06905613160133361,
    0.07236858780043466,
    0.06956070458037512,
    0.06702782882962909,
    0.06759960859162467,
    0.05649122882102217,
    0.06355077303307397,
    0.07423948386737278,
    0.06107227745066796,
    0.05511055951246194,
    0.05957257502632482,
    0.06572819802271468,
    0.056520657573427474,
    0.06621256478982313,
    0.052425913981028964,
    0.06719567663328989,
    0.0641765531216349,
    0.05217157601032938,
    0.06639611769148282,
    0.056373901924916675,
    0.04947063732998712,
    0.054794023982116156,
    0.051374534747430256,
    0.04426386149573539,
    0.06354698296104158,
    0.05767696099728346,
    0.056543921266283305,
    0.04378191875559943,
    0.044688228708292754
  ],
  "val_loss": [
    0.25534048279126487,
    0.1754627839724223,
    0.12683125782012938,
    0.12378093214829763,
    0.11020886592070261,
    0.10074523595968882,
    0.10849414145946502,
    0.1071788364648819,
    0.10892050011952718,
    0.11056090207894644,
    0.097321435769399,
    0.09501579260826111,
    0.1107085553407669,
    0.09420712363719941,
    0.08991486414273579,
    0.09687626945972443,
    0.08612370121479035,
    0.08756942562262217,
    0.08943409856160482,
    0.10278522713979085,
    0.08668884257475536,
    0.0916550946633021,
    0.0885650049050649,
    0.08569823948542277,
    0.08599823876221975,
    0.08177107334136963,
    0.07900670480728149,
    0.07560409319400788,
    0.07387300668160121,
    0.08092404027779897,
    0.07772802400588989,
    0.08147469393412272,
    0.07411676061153412,
    0.09703841183582941,
    0.08899803525209427,
    0.09597560662031174,
    0.07814992566903432,
    0.08387342421213786,
    0.08898630342880885
  ],
  "train_acc": [
    94.62857142857143,
    98.88571428571429,
    98.74285714285715,
    98.97142857142858,
    98.94285714285714,
    98.8,
    99.05714285714286,
    98.88571428571429,
    98.8,
    99.05714285714286,
    98.88571428571429,
    98.74285714285715,
    98.82857142857142,
    98.77142857142857,
    98.68571428571428,
    99.05714285714286,
    98.71428571428571,
    98.6,
    98.88571428571429,
    98.97142857142858,
    98.85714285714286,
    98.68571428571428,
    98.91428571428571,
    98.8,
    98.88571428571429,
    98.68571428571428,
    98.68571428571428,
    99.0,
    98.54285714285714,
    98.62857142857143,
    99.0,
    98.91428571428571,
    98.85714285714286,
    99.17142857142858,
    98.8,
    98.82857142857142,
    98.77142857142857,
    99.05714285714286,
    99.22857142857143
  ],
  "val_acc": [
    97.73333333333333,
    97.73333333333333,
    97.73333333333333,
    97.73333333333333,
    97.73333333333333,
    97.73333333333333,
    97.73333333333333,
    97.73333333333333,
    97.73333333333333,
    97.73333333333333,
    97.73333333333333,
    97.73333333333333,
    97.73333333333333,
    97.73333333333333,
    97.73333333333333,
    97.73333333333333,
    97.86666666666666,
    97.73333333333333,
    97.73333333333333,
    97.73333333333333,
    97.73333333333333,
    97.73333333333333,
    97.73333333333333,
    97.73333333333333,
    97.73333333333333,
    97.73333333333333,
    97.73333333333333,
    97.73333333333333,
    97.73333333333333,
    97.73333333333333,
    97.73333333333333,
    97.73333333333333,
    97.73333333333333,
    97.73333333333333,
    97.73333333333333,
    97.73333333333333,
    97.73333333333333,
    97.73333333333333,
    97.73333333333333
  ]
}